"Timestamp","1. What is your age?","2. Which of the following describe you, if any? ","3. Are you of Hispanic/Latino/Spanish origin ?","4. How would you best describe yourself?","5. Which of the following best describes the highest level of formal education that you’ve completed or currently undergoing?","6. How many years of professional coding experience do you have ?","7. What is you preferred development environment?","8. How do you learn to code?","9. What is the biggest challenge you face as a developer?","10. When choosing a programming language for a new project, you prioritize:","11. How do you communicate effectively with teammates to collaborate while adhering to the timelines?","12. How do you ensure that you stay up-to-date with industry changes as a software developer?","13. How do you balance between innovation and meeting project deadlines?","14. Software development contributes to societal challenges by:","15. A company uses an AI system to monitor its employees' productivity. The AI suggests firing an employee based on low productivity, but the employee is going through a tough personal time. How should the company proceed?","16. You're assigned to a project that requires expertise in a programming language you're not familiar with. The deadline is tight. What is your strategy to tackle this situation? ","17. You discover a critical bug right before a software release. What immediate action do you take?","18. In a professional setting, if your team is supposed to deliver a SaaS product within a two-day timeframe, and you discover a critical bug in the software, how would you address and handle this situation?","","",""
"2024/02/13 10:36:53 PM PST","","","","","Master’s degree (M.A., M.S., M.Eng., MBA, etc.)","1-2 years","macOS","","","Working on multiple features and communicating with different stakeholders","Mostly over a platform like teams. ","Freecodecamp tutorials :)","It’s the tech architect providing the roadmap so the team members disagreement doesn’t matter to me. Let him fight with manager and architect over an email ","Depends on my existing knowledge on languages and requirements of the project","","","I would immediately tell my manager and HR too for hiring such shit tester that as a developer I am discovering such critical bugs","","Use stackoverflow and youtube tutorials to figure out the work and learn in the process","Tarun","To save our asses in case of code crashes"
"2024/02/24 12:02:44 AM PST","23-26 years old","Man","No","Asian","Master’s degree (M.A., M.S., M.Eng., MBA, etc.)","Less than 1 year","Windows","Leetcode","Keeping up with new technologies","The specific requirements of the project","Use project management tools to assign tasks and track progress, ensuring everyone is aware of deadlines.","Regularly read industry blogs, websites, and journals to learn about the latest trends and technologies.","Focus solely on meeting deadlines","Improving healthcare through technology, such as telemedicine platforms and health tracking apps.","Use the AI’s suggestion as one of several factors in the decision","Spend time upfront to learn the basics of the language.","Communicate with stakeholders about the issue and seek their input on how to proceed.","Prioritize the bug based on its severity and impact, and if it's critical, reallocate resources to fix it immediately, even if this means pushing back the delivery date","","",""
"2024/02/24 12:03:32 AM PST","23-26 years old","Man","No","Asian","Bachelor’s degree (B.A., B.S., B.Tech etc.)","3-5 years","macOS","School (i.e, University, College, etc)","Keeping up with new technologies","The specific requirements of the project","Use project management tools to assign tasks and track progress, ensuring everyone is aware of deadlines.","Attend workshops, conferences, and webinars to gain insights from industry leaders and peers.","Focus solely on meeting deadlines","Supporting economic development through fintech solutions, e-commerce platforms, and digital marketplaces.","Use the AI’s suggestion as one of several factors in the decision","Use your existing knowledge and adapt as you go.","Delay the release to assess and fix the bug, ensuring the product meets quality standards.","Prioritize the bug based on its severity and impact, and if it's critical, reallocate resources to fix it immediately, even if this means pushing back the delivery date","","",""
"2024/02/24 12:15:36 AM PST","23-26 years old","Man","No","Asian","Bachelor’s degree (B.A., B.S., B.Tech etc.)","1-2 years","macOS","Online Courses or Certification","Keeping up with new technologies","The specific requirements of the project","Use project management tools to assign tasks and track progress, ensuring everyone is aware of deadlines.","Attend workshops, conferences, and webinars to gain insights from industry leaders and peers.","Allocate specific time for research and innovation","Improving healthcare through technology, such as telemedicine platforms and health tracking apps.","Use the AI’s suggestion as one of several factors in the decision","Seek assistance from a colleague who knows the language.","Communicate with stakeholders about the issue and seek their input on how to proceed.","Inform your team leader or project manager about the bug immediately, and work collaboratively to assess its impact and decide on the next steps.","","",""
"2024/02/24 12:16:09 AM PST","23-26 years old","Woman","No","Asian","Master’s degree (M.A., M.S., M.Eng., MBA, etc.)","1-2 years","macOS","Online Courses or Certification","Time management","The language's community support and ecosystem","Use project management tools to assign tasks and track progress, ensuring everyone is aware of deadlines.","Regularly read industry blogs, websites, and journals to learn about the latest trends and technologies.","Adjust project scopes to include innovation","Enhancing education with e-learning platforms, interactive learning tools, and virtual classrooms.","Use the AI’s suggestion as one of several factors in the decision","Use your existing knowledge and adapt as you go.","Proceed with the release as planned and fix the bug in a subsequent patch.","Inform your team leader or project manager about the bug immediately, and work collaboratively to assess its impact and decide on the next steps.","","",""
"2024/02/24 12:18:05 AM PST","23-26 years old","Man","No","Asian","Bachelor’s degree (B.A., B.S., B.Tech etc.)","1-2 years","macOS","Online Courses or Certification","Time management","The language's community support and ecosystem","Use project management tools to assign tasks and track progress, ensuring everyone is aware of deadlines.","Regularly read industry blogs, websites, and journals to learn about the latest trends and technologies.","Allocate specific time for research and innovation","Enhancing education with e-learning platforms, interactive learning tools, and virtual classrooms.","Use the AI’s suggestion as one of several factors in the decision","Use your existing knowledge and adapt as you go.","Release a limited beta version to a select group of users for further testing while addressing the bug.","Prioritize the bug based on its severity and impact, and if it's critical, reallocate resources to fix it immediately, even if this means pushing back the delivery date","","",""
"2024/02/24 12:19:35 AM PST","18-22 years old","Woman","No","Asian","Master’s degree (M.A., M.S., M.Eng., MBA, etc.)","1-2 years","macOS","School (i.e, University, College, etc)","Keeping up with new technologies","The language's performance and scalability","Schedule regular meetings for updates and coordination, but keep them concise to avoid taking too much time away from work.","Regularly read industry blogs, websites, and journals to learn about the latest trends and technologies.","Adjust project scopes to include innovation","Enhancing education with e-learning platforms, interactive learning tools, and virtual classrooms.","Use the AI’s suggestion as one of several factors in the decision","Seek assistance from a colleague who knows the language.","Communicate with stakeholders about the issue and seek their input on how to proceed.","Inform your team leader or project manager about the bug immediately, and work collaboratively to assess its impact and decide on the next steps.","","",""
"2024/02/24 12:24:14 AM PST","23-26 years old","Man","No","Asian","Master’s degree (M.A., M.S., M.Eng., MBA, etc.)","1-2 years","macOS","School (i.e, University, College, etc)","Keeping up with new technologies","The language's community support and ecosystem","Rely on informal chats and emails for quick updates, trusting team members to manage their time efficiently.","Attend workshops, conferences, and webinars to gain insights from industry leaders and peers.","Allocate specific time for research and innovation","Enhancing education with e-learning platforms, interactive learning tools, and virtual classrooms.","Use the AI’s suggestion as one of several factors in the decision","Spend time upfront to learn the basics of the language.","Release a limited beta version to a select group of users for further testing while addressing the bug.","Inform your team leader or project manager about the bug immediately, and work collaboratively to assess its impact and decide on the next steps.","","",""
"2024/02/24 12:24:58 AM PST","18-22 years old","Man","No","Asian","Master’s degree (M.A., M.S., M.Eng., MBA, etc.)","1-2 years","Windows","Online Courses or Certification","Keeping up with new technologies","The language's community support and ecosystem","Use project management tools to assign tasks and track progress, ensuring everyone is aware of deadlines.","Regularly read industry blogs, websites, and journals to learn about the latest trends and technologies.","Allocate specific time for research and innovation","Supporting economic development through fintech solutions, e-commerce platforms, and digital marketplaces.","Ignore the AI’s suggestion and keep the employee","Seek assistance from a colleague who knows the language.","Release a limited beta version to a select group of users for further testing while addressing the bug.","Prioritize the bug based on its severity and impact, and if it's critical, reallocate resources to fix it immediately, even if this means pushing back the delivery date","","",""
"2024/02/24 12:40:25 AM PST","23-26 years old","Man","No","Asian","Professional degree ( MD, Ph.D, Ed.D, etc.)","3-5 years","macOS","Online Courses or Certification","Keeping up with new technologies","The language's community support and ecosystem","Rely on informal chats and emails for quick updates, trusting team members to manage their time efficiently.","Engage in open-source projects and coding communities to get hands-on experience with cutting-edge technologies.","Allocate specific time for research and innovation","Supporting economic development through fintech solutions, e-commerce platforms, and digital marketplaces.","Ignore the AI’s suggestion and keep the employee","Use your existing knowledge and adapt as you go.","Release a limited beta version to a select group of users for further testing while addressing the bug.","Prioritize the bug based on its severity and impact, and if it's critical, reallocate resources to fix it immediately, even if this means pushing back the delivery date","","",""
"2024/02/24 12:41:02 AM PST","23-26 years old","Man","No","Asian","Professional degree ( MD, Ph.D, Ed.D, etc.)","Less than 1 year","Windows","School (i.e, University, College, etc)","Work-life balance","The development team's familiarity with the language","Schedule regular meetings for updates and coordination, but keep them concise to avoid taking too much time away from work.","Participate in online courses and certification programs to acquire new skills and knowledge.","Allocate specific time for research and innovation","Improving healthcare through technology, such as telemedicine platforms and health tracking apps.","Ignore the AI’s suggestion and keep the employee","Seek assistance from a colleague who knows the language.","Delay the release to assess and fix the bug, ensuring the product meets quality standards.","Inform your team leader or project manager about the bug immediately, and work collaboratively to assess its impact and decide on the next steps.","","",""
"2024/02/24 12:42:48 AM PST","18-22 years old","Man","No","Asian","Bachelor’s degree (B.A., B.S., B.Tech etc.)","Less than 1 year","Windows","Online Courses or Certification","Work-life balance","The development team's familiarity with the language","Schedule regular meetings for updates and coordination, but keep them concise to avoid taking too much time away from work.","Regularly read industry blogs, websites, and journals to learn about the latest trends and technologies.","Allocate specific time for research and innovation","Enhancing education with e-learning platforms, interactive learning tools, and virtual classrooms.","Use the AI’s suggestion as one of several factors in the decision","Use your existing knowledge and adapt as you go.","Proceed with the release as planned and fix the bug in a subsequent patch.","Prioritize the bug based on its severity and impact, and if it's critical, reallocate resources to fix it immediately, even if this means pushing back the delivery date","","",""
"2024/02/24 12:58:55 AM PST","18-22 years old","Woman","No","Asian","Bachelor’s degree (B.A., B.S., B.Tech etc.)","1-2 years","Windows","Coding Bootcamp","Work-life balance","The specific requirements of the project","Use project management tools to assign tasks and track progress, ensuring everyone is aware of deadlines.","Regularly read industry blogs, websites, and journals to learn about the latest trends and technologies.","Allocate specific time for research and innovation","Improving healthcare through technology, such as telemedicine platforms and health tracking apps.","Use the AI’s suggestion as one of several factors in the decision","Seek assistance from a colleague who knows the language.","Communicate with stakeholders about the issue and seek their input on how to proceed.","Document the bug and send an email to the client explaining the issue, suggesting a new timeline for delivery","","",""
"2024/02/24 1:03:51 AM PST","18-22 years old","Man","No","Asian","Bachelor’s degree (B.A., B.S., B.Tech etc.)","Less than 1 year","Windows","Online Courses or Certification","Work-life balance","The specific requirements of the project","Use project management tools to assign tasks and track progress, ensuring everyone is aware of deadlines.","Participate in online courses and certification programs to acquire new skills and knowledge.","Adjust project scopes to include innovation","Supporting economic development through fintech solutions, e-commerce platforms, and digital marketplaces.","Ignore the AI’s suggestion and keep the employee","Use your existing knowledge and adapt as you go.","Release a limited beta version to a select group of users for further testing while addressing the bug.","Inform your team leader or project manager about the bug immediately, and work collaboratively to assess its impact and decide on the next steps.","","",""
"2024/02/24 1:06:37 AM PST","18-22 years old","Man","No","Asian","Bachelor’s degree (B.A., B.S., B.Tech etc.)","Less than 1 year","Windows","Online Courses or Certification","Time management","The language's performance and scalability","Schedule regular meetings for updates and coordination, but keep them concise to avoid taking too much time away from work.","Engage in open-source projects and coding communities to get hands-on experience with cutting-edge technologies.","Adjust project scopes to include innovation","Improving healthcare through technology, such as telemedicine platforms and health tracking apps.","Use the AI’s suggestion as one of several factors in the decision","Use your existing knowledge and adapt as you go.","Communicate with stakeholders about the issue and seek their input on how to proceed.","Prioritize the bug based on its severity and impact, and if it's critical, reallocate resources to fix it immediately, even if this means pushing back the delivery date","","",""
"2024/02/24 1:08:34 AM PST","18-22 years old","Woman","No","Asian","Bachelor’s degree (B.A., B.S., B.Tech etc.)","Less than 1 year","Windows","Online Courses or Certification","Work-life balance","The specific requirements of the project","Schedule regular meetings for updates and coordination, but keep them concise to avoid taking too much time away from work.","Attend workshops, conferences, and webinars to gain insights from industry leaders and peers.","Allocate specific time for research and innovation","Supporting economic development through fintech solutions, e-commerce platforms, and digital marketplaces.","Use the AI’s suggestion as one of several factors in the decision","Spend time upfront to learn the basics of the language.","Release a limited beta version to a select group of users for further testing while addressing the bug.","Inform your team leader or project manager about the bug immediately, and work collaboratively to assess its impact and decide on the next steps.","","",""
"2024/02/24 1:19:55 AM PST","23-26 years old","Man","No","Asian","Bachelor’s degree (B.A., B.S., B.Tech etc.)","Less than 1 year","Windows","Online Courses or Certification","Keeping up with new technologies","The specific requirements of the project","Schedule regular meetings for updates and coordination, but keep them concise to avoid taking too much time away from work.","Participate in online courses and certification programs to acquire new skills and knowledge.","Focus solely on meeting deadlines","Enhancing education with e-learning platforms, interactive learning tools, and virtual classrooms.","Use the AI’s suggestion as one of several factors in the decision","Use your existing knowledge and adapt as you go.","Delay the release to assess and fix the bug, ensuring the product meets quality standards.","Inform your team leader or project manager about the bug immediately, and work collaboratively to assess its impact and decide on the next steps.","","",""
"2024/02/24 1:32:40 AM PST","18-22 years old","Man","No","Indian","Bachelor’s degree (B.A., B.S., B.Tech etc.)","1-2 years","Windows","Online Courses or Certification","Time management","The language's community support and ecosystem","Use project management tools to assign tasks and track progress, ensuring everyone is aware of deadlines.","Attend workshops, conferences, and webinars to gain insights from industry leaders and peers.","Allocate specific time for research and innovation","Improving healthcare through technology, such as telemedicine platforms and health tracking apps.","Use the AI’s suggestion as one of several factors in the decision","Seek assistance from a colleague who knows the language.","Delay the release to assess and fix the bug, ensuring the product meets quality standards.","Inform your team leader or project manager about the bug immediately, and work collaboratively to assess its impact and decide on the next steps.","","",""
"2024/02/24 1:34:27 AM PST","23-26 years old","Man","No","Asian","Bachelor’s degree (B.A., B.S., B.Tech etc.)","1-2 years","Windows","School (i.e, University, College, etc)","Work-life balance","The language's performance and scalability","Rely on informal chats and emails for quick updates, trusting team members to manage their time efficiently.","Attend workshops, conferences, and webinars to gain insights from industry leaders and peers.","Allocate specific time for research and innovation","Enhancing education with e-learning platforms, interactive learning tools, and virtual classrooms.","Use the AI’s suggestion as one of several factors in the decision","Use your existing knowledge and adapt as you go.","Delay the release to assess and fix the bug, ensuring the product meets quality standards.","Inform your team leader or project manager about the bug immediately, and work collaboratively to assess its impact and decide on the next steps.","","",""
"2024/02/24 1:37:26 AM PST","18-22 years old","Man","No","Asian","Bachelor’s degree (B.A., B.S., B.Tech etc.)","Less than 1 year","Windows","Online Courses or Certification","Understanding existing codebases","The language's community support and ecosystem","Schedule regular meetings for updates and coordination, but keep them concise to avoid taking too much time away from work.","Regularly read industry blogs, websites, and journals to learn about the latest trends and technologies.","Allocate specific time for research and innovation","Improving healthcare through technology, such as telemedicine platforms and health tracking apps.","Ignore the AI’s suggestion and keep the employee","Use your existing knowledge and adapt as you go.","Communicate with stakeholders about the issue and seek their input on how to proceed.","Inform your team leader or project manager about the bug immediately, and work collaboratively to assess its impact and decide on the next steps.","","",""
"2024/02/24 1:40:31 AM PST","23-26 years old","Man","No","Indian","Bachelor’s degree (B.A., B.S., B.Tech etc.)","3-5 years","Windows","Online Courses or Certification","Work-life balance","The specific requirements of the project","Use project management tools to assign tasks and track progress, ensuring everyone is aware of deadlines.","Regularly read industry blogs, websites, and journals to learn about the latest trends and technologies.","Allocate specific time for research and innovation","Supporting economic development through fintech solutions, e-commerce platforms, and digital marketplaces.","Use the AI’s suggestion as one of several factors in the decision","Use your existing knowledge and adapt as you go.","Communicate with stakeholders about the issue and seek their input on how to proceed.","Document the bug and send an email to the client explaining the issue, suggesting a new timeline for delivery","","",""
"2024/02/24 2:14:03 AM PST","23-26 years old","Man","Yes","Native Hawaiian or Other Pacific Islander","Bachelor’s degree (B.A., B.S., B.Tech etc.)","3-5 years","Windows","Books","Understanding existing codebases","The language's community support and ecosystem","Use project management tools to assign tasks and track progress, ensuring everyone is aware of deadlines.","Regularly read industry blogs, websites, and journals to learn about the latest trends and technologies.","Prioritize innovation over deadlines","Enhancing education with e-learning platforms, interactive learning tools, and virtual classrooms.","Follow the AI’s suggestion and fire the employee","Use your existing knowledge and adapt as you go.","Release a limited beta version to a select group of users for further testing while addressing the bug.","Ignore the bug and proceed with the delivery as planned, with the intention of fixing the bug in the next update.","","",""
"2024/02/24 2:14:19 AM PST","18-22 years old","Man","No","Asian","Bachelor’s degree (B.A., B.S., B.Tech etc.)","Less than 1 year","Windows","Online Courses or Certification","Keeping up with new technologies","The language's performance and scalability","Use project management tools to assign tasks and track progress, ensuring everyone is aware of deadlines.","Regularly read industry blogs, websites, and journals to learn about the latest trends and technologies.","Allocate specific time for research and innovation","Improving healthcare through technology, such as telemedicine platforms and health tracking apps.","Use the AI’s suggestion as one of several factors in the decision","Use your existing knowledge and adapt as you go.","Communicate with stakeholders about the issue and seek their input on how to proceed.","Inform your team leader or project manager about the bug immediately, and work collaboratively to assess its impact and decide on the next steps.","","",""
"2024/02/24 2:20:42 AM PST","18-22 years old","Woman","No","Indian","Bachelor’s degree (B.A., B.S., B.Tech etc.)","Less than 1 year","Windows","School (i.e, University, College, etc)","Keeping up with new technologies","The specific requirements of the project","Use project management tools to assign tasks and track progress, ensuring everyone is aware of deadlines.","Regularly read industry blogs, websites, and journals to learn about the latest trends and technologies.","Allocate specific time for research and innovation","Enhancing education with e-learning platforms, interactive learning tools, and virtual classrooms.","Use the AI’s suggestion as one of several factors in the decision","Seek assistance from a colleague who knows the language.","Communicate with stakeholders about the issue and seek their input on how to proceed.","Inform your team leader or project manager about the bug immediately, and work collaboratively to assess its impact and decide on the next steps.","","",""
"2024/02/24 2:46:59 AM PST","47","Man","No","Asian","Bachelor’s degree (B.A., B.S., B.Tech etc.)","More than 10 years","Linux","School (i.e, University, College, etc)","Understanding existing codebases","The development team's familiarity with the language","Rely on informal chats and emails for quick updates, trusting team members to manage their time efficiently.","Regularly read industry blogs, websites, and journals to learn about the latest trends and technologies.","Focus solely on meeting deadlines","Enhancing education with e-learning platforms, interactive learning tools, and virtual classrooms.","Use the AI’s suggestion as one of several factors in the decision","Spend time upfront to learn the basics of the language.","Communicate with stakeholders about the issue and seek their input on how to proceed.","Prioritize the bug based on its severity and impact, and if it's critical, reallocate resources to fix it immediately, even if this means pushing back the delivery date","","",""
"2024/02/24 3:01:59 AM PST","18-22 years old","Woman","No","Asian","Bachelor’s degree (B.A., B.S., B.Tech etc.)","Less than 1 year","Windows","Online Courses or Certification","Time management","The language's performance and scalability","Schedule regular meetings for updates and coordination, but keep them concise to avoid taking too much time away from work.","Regularly read industry blogs, websites, and journals to learn about the latest trends and technologies.","Allocate specific time for research and innovation","Improving healthcare through technology, such as telemedicine platforms and health tracking apps.","Use the AI’s suggestion as one of several factors in the decision","Seek assistance from a colleague who knows the language.","Release a limited beta version to a select group of users for further testing while addressing the bug.","Inform your team leader or project manager about the bug immediately, and work collaboratively to assess its impact and decide on the next steps.","","",""
"2024/02/24 3:03:04 AM PST","18-22 years old","Man","No","Asian","Bachelor’s degree (B.A., B.S., B.Tech etc.)","Less than 1 year","Windows","Online Courses or Certification","Understanding existing codebases","The specific requirements of the project","Use project management tools to assign tasks and track progress, ensuring everyone is aware of deadlines.","Participate in online courses and certification programs to acquire new skills and knowledge.","Adjust project scopes to include innovation","Enhancing education with e-learning platforms, interactive learning tools, and virtual classrooms.","Ignore the AI’s suggestion and keep the employee","Spend time upfront to learn the basics of the language.","Release a limited beta version to a select group of users for further testing while addressing the bug.","Inform your team leader or project manager about the bug immediately, and work collaboratively to assess its impact and decide on the next steps.","","",""
"2024/02/24 3:04:28 AM PST","18-22 years old","Woman","No","Asian","Bachelor’s degree (B.A., B.S., B.Tech etc.)","Less than 1 year","Windows","School (i.e, University, College, etc)","Time management","The language's community support and ecosystem","Schedule regular meetings for updates and coordination, but keep them concise to avoid taking too much time away from work.","Participate in online courses and certification programs to acquire new skills and knowledge.","Prioritize innovation over deadlines","Enhancing education with e-learning platforms, interactive learning tools, and virtual classrooms.","Use the AI’s suggestion as one of several factors in the decision","Use your existing knowledge and adapt as you go.","Release a limited beta version to a select group of users for further testing while addressing the bug.","Prioritize the bug based on its severity and impact, and if it's critical, reallocate resources to fix it immediately, even if this means pushing back the delivery date","","",""
"2024/02/24 5:36:44 AM PST","18-22 years old","Man","No","Indian","Bachelor’s degree (B.A., B.S., B.Tech etc.)","1-2 years","Windows","Documentation ","Work-life balance","The specific requirements of the project","Schedule regular meetings for updates and coordination, but keep them concise to avoid taking too much time away from work.","Regularly read industry blogs, websites, and journals to learn about the latest trends and technologies.","Allocate specific time for research and innovation","Supporting economic development through fintech solutions, e-commerce platforms, and digital marketplaces.","Use the AI’s suggestion as one of several factors in the decision","Seek assistance from a colleague who knows the language.","Release a limited beta version to a select group of users for further testing while addressing the bug.","Document the bug and send an email to the client explaining the issue, suggesting a new timeline for delivery","","",""
"2024/02/24 5:59:28 AM PST","18-22 years old","Man","No","Asian","Bachelor’s degree (B.A., B.S., B.Tech etc.)","Less than 1 year","Windows","Online Courses or Certification","Work-life balance","The specific requirements of the project","Schedule regular meetings for updates and coordination, but keep them concise to avoid taking too much time away from work.","Regularly read industry blogs, websites, and journals to learn about the latest trends and technologies.","Focus solely on meeting deadlines","Improving healthcare through technology, such as telemedicine platforms and health tracking apps.","Use the AI’s suggestion as one of several factors in the decision","Spend time upfront to learn the basics of the language.","Proceed with the release as planned and fix the bug in a subsequent patch.","Ignore the bug and proceed with the delivery as planned, with the intention of fixing the bug in the next update.","","",""
"2024/02/24 6:41:22 AM PST","18-22 years old","Woman","No","Asian","Bachelor’s degree (B.A., B.S., B.Tech etc.)","3-5 years","Windows","School (i.e, University, College, etc)","Time management","The specific requirements of the project","Implement a combination of written documentation for clarity and regular check-ins for personal engagement and immediate feedback.","Engage in open-source projects and coding communities to get hands-on experience with cutting-edge technologies.","Allocate specific time for research and innovation","Supporting economic development through fintech solutions, e-commerce platforms, and digital marketplaces.","Use the AI’s suggestion as one of several factors in the decision","Use your existing knowledge and adapt as you go.","Delay the release to assess and fix the bug, ensuring the product meets quality standards.","Prioritize the bug based on its severity and impact, and if it's critical, reallocate resources to fix it immediately, even if this means pushing back the delivery date","","",""
"2024/02/24 8:05:14 AM PST","18-22 years old","Man","No","Asian","Master’s degree (M.A., M.S., M.Eng., MBA, etc.)","Less than 1 year","Windows","Online Courses or Certification","Time management","The development team's familiarity with the language","Schedule regular meetings for updates and coordination, but keep them concise to avoid taking too much time away from work.","Regularly read industry blogs, websites, and journals to learn about the latest trends and technologies.","Allocate specific time for research and innovation","Enhancing education with e-learning platforms, interactive learning tools, and virtual classrooms.","Ignore the AI’s suggestion and keep the employee","Use your existing knowledge and adapt as you go.","Release a limited beta version to a select group of users for further testing while addressing the bug.","Inform your team leader or project manager about the bug immediately, and work collaboratively to assess its impact and decide on the next steps.","","",""
"2024/02/24 8:36:56 AM PST","18-22 years old","Woman","No","Asian","Bachelor’s degree (B.A., B.S., B.Tech etc.)","Less than 1 year","Windows","Online Courses or Certification","Keeping up with new technologies","The development team's familiarity with the language","Use project management tools to assign tasks and track progress, ensuring everyone is aware of deadlines.","Regularly read industry blogs, websites, and journals to learn about the latest trends and technologies.","Allocate specific time for research and innovation","Improving healthcare through technology, such as telemedicine platforms and health tracking apps.","Use the AI’s suggestion as one of several factors in the decision","Use your existing knowledge and adapt as you go.","Proceed with the release as planned and fix the bug in a subsequent patch.","Prioritize the bug based on its severity and impact, and if it's critical, reallocate resources to fix it immediately, even if this means pushing back the delivery date","","",""
"2024/02/24 11:12:21 AM PST","27-35 years old","Man","No","Asian","Master’s degree (M.A., M.S., M.Eng., MBA, etc.)","3-5 years","macOS","School (i.e, University, College, etc)","Work-life balance","The specific requirements of the project","Use project management tools to assign tasks and track progress, ensuring everyone is aware of deadlines.","Regularly read industry blogs, websites, and journals to learn about the latest trends and technologies.","Adjust project scopes to include innovation","Addressing climate change with environmental monitoring systems, carbon footprint calculators, and energy efficiency applications.","Use the AI’s suggestion as one of several factors in the decision","Use your existing knowledge and adapt as you go.","Communicate with stakeholders about the issue and seek their input on how to proceed.","Prioritize the bug based on its severity and impact, and if it's critical, reallocate resources to fix it immediately, even if this means pushing back the delivery date","","",""
"2024/02/24 12:16:48 PM PST","18-22 years old","Man","No","Asian","Master’s degree (M.A., M.S., M.Eng., MBA, etc.)","Less than 1 year","macOS","Online Courses or Certification","Time management","The specific requirements of the project","Implement a combination of written documentation for clarity and regular check-ins for personal engagement and immediate feedback.","Regularly read industry blogs, websites, and journals to learn about the latest trends and technologies.","Allocate specific time for research and innovation","Addressing climate change with environmental monitoring systems, carbon footprint calculators, and energy efficiency applications.","Use the AI’s suggestion as one of several factors in the decision","Use your existing knowledge and adapt as you go.","Proceed with the release as planned and fix the bug in a subsequent patch.","Document the bug and send an email to the client explaining the issue, suggesting a new timeline for delivery","","",""
"2024/02/24 2:08:58 PM PST","23-26 years old","Man","No","Asian","Master’s degree (M.A., M.S., M.Eng., MBA, etc.)","1-2 years","Windows","Online Courses or Certification","Understanding existing codebases","The language's performance and scalability","Schedule regular meetings for updates and coordination, but keep them concise to avoid taking too much time away from work.","Participate in online courses and certification programs to acquire new skills and knowledge.","Allocate specific time for research and innovation","Improving healthcare through technology, such as telemedicine platforms and health tracking apps.","Follow the AI’s suggestion and fire the employee","Use your existing knowledge and adapt as you go.","Delay the release to assess and fix the bug, ensuring the product meets quality standards.","Delay the delivery without informing stakeholders to buy time for fixing the bug","","",""